run,bed_height_cm,solvent,solvent_conc_M,aliquot_mL,dilution_water_mL,HCl_conc_M,liquid_flow_mL_min,CO2_flow_mL_min,N2_flow_mL_min,titration1_mL,titration2_mL,titration3_mL
1,35,NaOH,0.1,5,0,0.1,383,500,2600,2.85,2.85,2.8
2,35,NaOH,0.8,5,5,0.5,383,500,2600,6.6,6.5,6.4
3,35,NaOH,1.5,5,5,0.5,383,500,2600,12.7,11.9,11.1
4,15,NaOH,0.1,5,0,0.1,383,500,2600,2.6,2.6,2.6
5,15,NaOH,0.8,5,5,0.5,383,500,2600,5.5,5.7,5.5
6,15,NaOH,1.5,5,5,0.5,383,500,2600,9.8,9.8,9.9
7,35,KOH,0.1,5,0,0.1,383,500,2600,2.1,2.1,2.1
8,35,KOH,0.8,5,5,0.5,383,500,2600,5.2,5.4,5.1
9,35,KOH,1.5,5,5,0.5,383,500,2600,12.2,11.1,10.6
10,15,KOH,0.1,5,0,0.1,383,500,2600,1.6,1.5,1.5
11,15,KOH,0.8,5,5,0.5,383,500,2600,3.9,3.9,3.9
12,15,KOH,1.5,5,5,0.5,383,500,2600,9,8.9,9.1
